Tipo de aplicación,Problema,Etapa,Complejidad,Recomendación
Aplicación Web-Front,Fallo de Funcionalidad,Desarrollo Inicial,Baja,Implementar pruebas unitarias y de integración para asegurar que las funcionalidades básicas operen correctamente y realizar pruebas manuales básicas para detectar errores tempranos.
Aplicación Web-Front,Fallo de Funcionalidad,Desarrollo Inicial,Media,"Desarrollar pruebas unitarias y de integración, además de realizar revisiones de código regulares y pruebas de usabilidad tempranas para garantizar la funcionalidad."
Aplicación Web-Front,Fallo de Funcionalidad,Desarrollo Inicial,Alta,"Incorporar pruebas unitarias, de integración y end-to-end, y llevar a cabo revisiones de código, pruebas de usabilidad y pruebas de aceptación tempranas para garantizar la calidad."
Aplicación Web-Front,Fallo de Funcionalidad,Pruebas,Baja,Realizar pruebas de regresión y pruebas manuales para identificar y corregir errores en las funcionalidades básicas antes del lanzamiento.
Aplicación Web-Front,Fallo de Funcionalidad,Pruebas,Media,"Ejecutar pruebas de regresión automatizadas y manuales, priorizando la corrección de errores críticos y asegurando que todas las funcionalidades operen como se espera."
Aplicación Web-Front,Fallo de Funcionalidad,Pruebas,Alta,"Llevar a cabo pruebas de regresión extensivas, automatizar pruebas, y utilizar entornos de pruebas aislados para validar la funcionalidad en múltiples escenarios."
Aplicación Web-Front,Fallo de Funcionalidad,Implementación,Baja,Monitorear la implementación inicial y recopilar feedback de los usuarios finales para detectar y resolver fallos de manera rápida y eficiente.
Aplicación Web-Front,Fallo de Funcionalidad,Implementación,Media,"Implementar monitoreo continuo y análisis de logs para identificar fallos, planificar despliegues incrementales y ajustar según el feedback recibido."
Aplicación Web-Front,Fallo de Funcionalidad,Implementación,Alta,"Desplegar en fases, utilizar monitoreo en tiempo real, sistemas de alerta y planes de contingencia para gestionar cualquier fallo durante la implementación."
Aplicación Web-Front,Fallo de Funcionalidad,DevOps,Baja,Automatizar pruebas básicas en el pipeline de CI/CD y realizar monitoreos post-implementación para asegurar la estabilidad continua de la aplicación.
Aplicación Web-Front,Fallo de Funcionalidad,DevOps,Media,"Implementar pipelines de CI/CD con pruebas automatizadas y monitoreo continuo, asegurando que cualquier fallo sea detectado y corregido rápidamente."
Aplicación Web-Front,Fallo de Funcionalidad,DevOps,Alta,"Desarrollar pipelines de CI/CD robustos con múltiples etapas de pruebas automatizadas, monitoreo avanzado y alertas proactivas para mantener la calidad."
Aplicación Web-Front,Rendimiento Lento,Desarrollo Inicial,Baja,"Optimizar código y consultas a la base de datos, realizando pruebas de rendimiento básicas para identificar y solucionar cuellos de botella tempranos."
Aplicación Web-Front,Rendimiento Lento,Desarrollo Inicial,Media,"Implementar optimizaciones de código, utilizar herramientas de profiling y realizar pruebas de rendimiento para asegurar la eficiencia del sistema."
Aplicación Web-Front,Rendimiento Lento,Desarrollo Inicial,Alta,"Optimizar la arquitectura de la aplicación, realizar profiling detallado y pruebas de rendimiento intensivas desde el inicio para garantizar la escalabilidad."
Aplicación Web-Front,Rendimiento Lento,Pruebas,Baja,Ejecutar pruebas de carga simples para identificar problemas de rendimiento en situaciones de baja concurrencia y ajustar configuraciones según sea necesario.
Aplicación Web-Front,Rendimiento Lento,Pruebas,Media,"Realizar pruebas de carga y estrés, utilizando herramientas de monitoreo para identificar y solucionar problemas de rendimiento bajo alta demanda."
Aplicación Web-Front,Rendimiento Lento,Pruebas,Alta,"Ejecutar pruebas de rendimiento exhaustivas, incluyendo pruebas de volumen y capacidad máxima, optimizando en función de los resultados obtenidos."
Aplicación Web-Front,Rendimiento Lento,Implementación,Baja,Monitorear el rendimiento en producción y ajustar configuraciones de recursos según sea necesario para mantener la eficiencia operativa.
Aplicación Web-Front,Rendimiento Lento,Implementación,Media,Implementar monitoreo en tiempo real y ajustar la infraestructura según las necesidades detectadas durante el uso en producción.
Aplicación Web-Front,Rendimiento Lento,Implementación,Alta,"Monitorear de cerca el rendimiento en producción, escalar recursos dinámicamente y ajustar configuraciones avanzadas de servidor y red para mantener la optimización."
Aplicación Web-Front,Rendimiento Lento,DevOps,Baja,"Implementar monitoreo básico de rendimiento y establecer alertas para problemas críticos, asegurando una respuesta rápida a cualquier incidencia."
Aplicación Web-Front,Rendimiento Lento,DevOps,Media,Utilizar herramientas de monitoreo continuo y alertas proactivas para gestionar el rendimiento y realizar ajustes rápidos según sea necesario.
Aplicación Web-Front,Rendimiento Lento,DevOps,Alta,"Implementar monitoreo avanzado con dashboards personalizados y alertas proactivas, realizando ajustes automáticos basados en métricas detalladas."
Aplicación Web-Front,Problemas de Seguridad,Desarrollo Inicial,Baja,"Aplicar prácticas de desarrollo seguro, realizar revisiones de código básicas y utilizar herramientas de análisis de vulnerabilidades para asegurar la aplicación."
Aplicación Web-Front,Problemas de Seguridad,Desarrollo Inicial,Media,"Incorporar herramientas de análisis estático y dinámico de seguridad, realizar revisiones de código periódicas y entrenar al equipo en mejores prácticas de seguridad."
Aplicación Web-Front,Problemas de Seguridad,Desarrollo Inicial,Alta,"Implementar un ciclo de vida de desarrollo seguro completo, incluyendo revisiones de código, análisis estático y dinámico, y pruebas de penetración exhaustivas."
Aplicación Web-Front,Problemas de Seguridad,Pruebas,Baja,"Ejecutar pruebas de seguridad básicas, como análisis de vulnerabilidades y escaneos de seguridad, para identificar problemas comunes."
Aplicación Web-Front,Problemas de Seguridad,Pruebas,Media,"Realizar análisis de vulnerabilidades, pruebas de penetración y auditorías de seguridad periódicas para detectar y solucionar fallos críticos."
Aplicación Web-Front,Problemas de Seguridad,Pruebas,Alta,"Ejecutar pruebas de seguridad avanzadas, incluyendo pruebas de penetración manuales y automatizadas, y auditorías de seguridad exhaustivas para asegurar la protección."
Aplicación Web-Front,Problemas de Seguridad,Implementación,Baja,"Asegurar la aplicación con controles básicos de seguridad, como autenticación y autorización, y realizar auditorías periódicas para mantener la seguridad."
Aplicación Web-Front,Problemas de Seguridad,Implementación,Media,"Implementar controles de seguridad avanzados, como cifrado de datos y detección de intrusiones, y realizar auditorías regulares para mantener la protección."
Aplicación Web-Front,Problemas de Seguridad,Implementación,Alta,"Desplegar medidas de seguridad avanzadas, como monitoreo continuo de seguridad y respuesta a incidentes en tiempo real, y realizar auditorías exhaustivas."
Aplicación Web-Front,Problemas de Seguridad,DevOps,Baja,Incorporar escaneos de seguridad básicos en el pipeline de CI/CD y realizar revisiones periódicas de seguridad para mantener la integridad de la aplicación.
Aplicación Web-Front,Problemas de Seguridad,DevOps,Media,"Automatizar escaneos de seguridad, realizar revisiones manuales y establecer políticas de seguridad en el pipeline de CI/CD para detectar y corregir problemas rápidamente."
Aplicación Web-Front,Problemas de Seguridad,DevOps,Alta,"Implementar escaneos de seguridad avanzados, con revisiones manuales y automatizadas, y establecer un equipo de respuesta a incidentes para gestionar amenazas de seguridad."
Aplicación Web-Front,Consultas o dudas de implementación,Desarrollo Inicial,Baja,"Consultar documentación oficial, guías de mejores prácticas y tutoriales para resolver dudas comunes y asegurar un desarrollo efectivo."
Aplicación Web-Front,Consultas o dudas de implementación,Desarrollo Inicial,Media,"Buscar asesoría en foros especializados y comunidades de desarrollo, revisar estudios de caso y aplicar técnicas recomendadas para resolver problemas."
Aplicación Web-Front,Consultas o dudas de implementación,Desarrollo Inicial,Alta,"Consultar con expertos en la materia, revisar documentación técnica avanzada y utilizar recursos de formación especializados para resolver dudas complejas."
Aplicación Web-Front,Consultas o dudas de implementación,Pruebas,Baja,"Solicitar feedback a desarrolladores y testers, revisar documentación y aplicar las mejores prácticas para resolver dudas técnicas durante la fase de pruebas."
Aplicación Web-Front,Consultas o dudas de implementación,Pruebas,Media,"Coordinar con el equipo de pruebas para aclarar dudas, obtener recomendaciones y realizar sesiones de revisión para asegurar la calidad del software."
Aplicación Web-Front,Consultas o dudas de implementación,Pruebas,Alta,"Trabajar en estrecha colaboración con expertos en pruebas, participar en revisiones detalladas y utilizar herramientas avanzadas para resolver dudas complejas y garantizar la calidad."
Aplicación Web-Front,Consultas o dudas de implementación,Implementación,Baja,Buscar soporte de expertos y revisar foros de discusión para obtener soluciones rápidas a problemas comunes y asegurar una implementación exitosa.
Aplicación Web-Front,Consultas o dudas de implementación,Implementación,Media,"Obtener asesoría de expertos, revisar estudios de caso, utilizar herramientas de monitoreo y análisis para identificar y solucionar problemas durante la implementación."
Aplicación Web-Front,Consultas o dudas de implementación,Implementación,Alta,"Colaborar con expertos en la materia, utilizar recursos avanzados de monitoreo y análisis, y preparar planes de contingencia para resolver problemas complejos."
Aplicación Web-Front,Consultas o dudas de implementación,DevOps,Baja,"Coordinar con equipos de desarrollo y operaciones para resolver dudas rápidamente, y utilizar herramientas básicas de monitoreo."
Aplicación Web-Front,Consultas o dudas de implementación,DevOps,Media,"Trabajar con equipos de DevOps para implementar soluciones, utilizar herramientas de monitoreo continuo y realizar ajustes proactivos."
Aplicación Web-Front,Consultas o dudas de implementación,DevOps,Alta,"Implementar prácticas avanzadas de DevOps, como el uso de contenedores y orquestadores, establecer pipelines de CI/CD completos y colaborar estrechamente con expertos en infraestructura y seguridad."
Aplicación Móvil,Fallo de Funcionalidad,Desarrollo Inicial,Baja,Implementar pruebas unitarias para funciones principales y realizar pruebas manuales básicas para detectar y corregir errores tempranos en la funcionalidad de la aplicación móvil.
Aplicación Móvil,Fallo de Funcionalidad,Desarrollo Inicial,Media,"Desarrollar pruebas unitarias y de integración, y realizar pruebas de usabilidad básicas para garantizar que la aplicación móvil cumpla con los requisitos funcionales."
Aplicación Móvil,Fallo de Funcionalidad,Desarrollo Inicial,Alta,"Incorporar pruebas unitarias, de integración y end-to-end, además de pruebas de aceptación de usuario y revisiones de arquitectura para asegurar la funcionalidad de la aplicación móvil."
Aplicación Móvil,Fallo de Funcionalidad,Pruebas,Baja,Realizar pruebas de regresión y pruebas manuales para identificar y corregir errores en las funcionalidades clave de la aplicación móvil antes del lanzamiento.
Aplicación Móvil,Fallo de Funcionalidad,Pruebas,Media,"Ejecutar pruebas de regresión automatizadas y manuales, y realizar pruebas de usabilidad para asegurar que todas las funcionalidades operen como se espera."
Aplicación Móvil,Fallo de Funcionalidad,Pruebas,Alta,"Llevar a cabo pruebas de regresión extensivas y pruebas de aceptación de usuario, asegurando que todas las funcionalidades de la aplicación móvil sean robustas y confiables."
Aplicación Móvil,Fallo de Funcionalidad,Implementación,Baja,Monitorear la implementación inicial y recopilar feedback de los usuarios finales para detectar y resolver fallos de manera rápida y eficiente.
Aplicación Móvil,Fallo de Funcionalidad,Implementación,Media,"Implementar monitoreo continuo y análisis de logs para identificar fallos, planificar despliegues incrementales y ajustar según el feedback recibido de los usuarios."
Aplicación Móvil,Fallo de Funcionalidad,Implementación,Alta,"Realizar despliegues graduales, monitorear el rendimiento en tiempo real y utilizar sistemas de alerta para gestionar cualquier fallo durante la implementación."
Aplicación Móvil,Fallo de Funcionalidad,DevOps,Baja,Automatizar pruebas unitarias y de integración en el pipeline de CI/CD y realizar monitoreos post-implementación para asegurar la estabilidad continua de la aplicación móvil.
Aplicación Móvil,Fallo de Funcionalidad,DevOps,Media,"Incorporar pruebas automatizadas end-to-end en el pipeline de CI/CD, establecer alertas de monitoreo y realizar pruebas de rendimiento continuas."
Aplicación Móvil,Fallo de Funcionalidad,DevOps,Alta,"Desarrollar pipelines de CI/CD robustos con múltiples etapas de pruebas automatizadas, incluyendo pruebas de rendimiento, seguridad y monitoreo avanzado."
Aplicación Móvil,Rendimiento Lento,Desarrollo Inicial,Baja,Optimizar el uso de recursos en el código y realizar pruebas de rendimiento básicas para detectar cuellos de botella y mejorar la eficiencia de la aplicación móvil.
Aplicación Móvil,Rendimiento Lento,Desarrollo Inicial,Media,"Implementar técnicas de caching y optimización de bases de datos, y realizar profiling de la aplicación móvil para identificar áreas de mejora en el rendimiento."
Aplicación Móvil,Rendimiento Lento,Desarrollo Inicial,Alta,"Optimizar la arquitectura de la aplicación móvil, implementar balanceo de carga y realizar pruebas de estrés tempranas para asegurar la escalabilidad y rendimiento."
Aplicación Móvil,Rendimiento Lento,Pruebas,Baja,Ejecutar pruebas de carga simples para identificar problemas de rendimiento en situaciones de baja concurrencia y ajustar configuraciones según sea necesario.
Aplicación Móvil,Rendimiento Lento,Pruebas,Media,Realizar pruebas de carga y estrés para evaluar el rendimiento bajo alta demanda y ajustar configuraciones para mejorar la eficiencia de la aplicación móvil.
Aplicación Móvil,Rendimiento Lento,Pruebas,Alta,"Ejecutar pruebas de rendimiento exhaustivas, incluyendo pruebas de volumen y de capacidad máxima, y optimizar la aplicación móvil en función de los resultados obtenidos."
Aplicación Móvil,Rendimiento Lento,Implementación,Baja,Monitorear el rendimiento en producción y ajustar configuraciones de recursos según sea necesario para mantener la eficiencia operativa de la aplicación móvil.
Aplicación Móvil,Rendimiento Lento,Implementación,Media,Implementar monitoreo en tiempo real y ajustar la infraestructura de la aplicación móvil según las necesidades detectadas durante el uso en producción.
Aplicación Móvil,Rendimiento Lento,Implementación,Alta,"Monitorear de cerca el rendimiento en producción, escalar recursos dinámicamente y ajustar configuraciones avanzadas de servidor y red para mantener la optimización."
Aplicación Móvil,Rendimiento Lento,DevOps,Baja,"Implementar monitoreo básico de rendimiento y establecer alertas para problemas críticos, asegurando una respuesta rápida a cualquier incidencia en la aplicación móvil."
Aplicación Móvil,Rendimiento Lento,DevOps,Media,Utilizar herramientas de monitoreo continuo y alertas proactivas para gestionar el rendimiento de la aplicación móvil y realizar ajustes rápidos según sea necesario.
Aplicación Móvil,Rendimiento Lento,DevOps,Alta,"Implementar monitoreo avanzado con dashboards personalizados y alertas proactivas, realizando ajustes automáticos basados en métricas detalladas para la aplicación móvil."
Aplicación Móvil,Problemas de Seguridad,Desarrollo Inicial,Baja,"Aplicar prácticas de desarrollo seguro, realizar revisiones de código básicas y utilizar herramientas de análisis de vulnerabilidades para asegurar la aplicación móvil."
Aplicación Móvil,Problemas de Seguridad,Desarrollo Inicial,Media,"Incorporar herramientas de análisis estático y dinámico de seguridad, realizar revisiones de código periódicas y entrenar al equipo en mejores prácticas de seguridad."
Aplicación Móvil,Problemas de Seguridad,Desarrollo Inicial,Alta,"Implementar un ciclo de vida de desarrollo seguro completo, incluyendo revisiones de código, análisis estático y dinámico, y pruebas de penetración exhaustivas para la aplicación móvil."
Aplicación Móvil,Problemas de Seguridad,Pruebas,Baja,"Ejecutar pruebas de seguridad básicas, como análisis de vulnerabilidades y escaneos de seguridad, para identificar problemas comunes en la aplicación móvil."
Aplicación Móvil,Problemas de Seguridad,Pruebas,Media,"Realizar análisis de vulnerabilidades, pruebas de penetración y auditorías de seguridad periódicas para detectar y solucionar fallos críticos en la aplicación móvil."
Aplicación Móvil,Problemas de Seguridad,Pruebas,Alta,"Ejecutar pruebas de seguridad avanzadas, incluyendo pruebas de penetración manuales y automatizadas, y auditorías de seguridad exhaustivas para asegurar la protección de la aplicación móvil."
Aplicación Móvil,Problemas de Seguridad,Implementación,Baja,"Asegurar la aplicación móvil con controles básicos de seguridad, como autenticación y autorización, y realizar auditorías periódicas para mantener la seguridad."
Aplicación Móvil,Problemas de Seguridad,Implementación,Media,"Implementar controles de seguridad avanzados, como cifrado de datos y detección de intrusiones, y realizar auditorías regulares para mantener la protección de la aplicación móvil."
Aplicación Móvil,Problemas de Seguridad,Implementación,Alta,"Desplegar medidas de seguridad avanzadas, como monitoreo continuo de seguridad y respuesta a incidentes en tiempo real, y realizar auditorías exhaustivas para la aplicación móvil."
Aplicación Móvil,Problemas de Seguridad,DevOps,Baja,Incorporar escaneos de seguridad básicos en el pipeline de CI/CD y realizar revisiones periódicas de seguridad para mantener la integridad de la aplicación móvil.
Aplicación Móvil,Problemas de Seguridad,DevOps,Media,"Automatizar escaneos de seguridad, realizar revisiones manuales y establecer políticas de seguridad en el pipeline de CI/CD para detectar y corregir problemas rápidamente."
Aplicación Móvil,Problemas de Seguridad,DevOps,Alta,"Implementar escaneos de seguridad avanzados, con revisiones manuales y automatizadas, y establecer un equipo de respuesta a incidentes para gestionar amenazas de seguridad en la aplicación móvil."
Aplicación Móvil,Consultas o dudas de implementación,Desarrollo Inicial,Baja,"Consultar documentación oficial, guías de mejores prácticas y tutoriales para resolver dudas comunes y asegurar un desarrollo efectivo de la aplicación móvil."
Aplicación Móvil,Consultas o dudas de implementación,Desarrollo Inicial,Media,"Buscar asesoría en foros especializados y comunidades de desarrollo, revisar estudios de caso y aplicar técnicas recomendadas para resolver problemas en la aplicación móvil."
Aplicación Móvil,Consultas o dudas de implementación,Desarrollo Inicial,Alta,"Consultar con expertos en la materia, revisar documentación técnica avanzada y utilizar recursos de formación especializados para resolver dudas complejas en la aplicación móvil."
Aplicación Móvil,Consultas o dudas de implementación,Pruebas,Baja,"Solicitar feedback a desarrolladores y testers, revisar documentación y aplicar las mejores prácticas para resolver dudas técnicas durante la fase de pruebas de la aplicación móvil."
Aplicación Móvil,Consultas o dudas de implementación,Pruebas,Media,"Coordinar con el equipo de pruebas para aclarar dudas, obtener recomendaciones y realizar sesiones de revisión para asegurar la calidad del software de la aplicación móvil."
Aplicación Móvil,Consultas o dudas de implementación,Pruebas,Alta,"Trabajar en estrecha colaboración con expertos en pruebas, participar en revisiones detalladas y utilizar herramientas avanzadas para resolver dudas complejas y garantizar la calidad de la aplicación móvil."
Aplicación Móvil,Consultas o dudas de implementación,Implementación,Baja,Buscar soporte de expertos y revisar foros de discusión para obtener soluciones rápidas a problemas comunes y asegurar una implementación exitosa de la aplicación móvil.
Aplicación Móvil,Consultas o dudas de implementación,Implementación,Media,"Obtener asesoría de expertos, revisar estudios de caso, utilizar herramientas de monitoreo y análisis para identificar y solucionar problemas durante la implementación de la aplicación móvil."
Aplicación Móvil,Consultas o dudas de implementación,Implementación,Alta,"Colaborar con expertos en la materia, utilizar recursos avanzados de monitoreo y análisis, y preparar planes de contingencia para resolver problemas complejos durante la implementación."
Aplicación Móvil,Consultas o dudas de implementación,DevOps,Baja,"Coordinar con equipos de desarrollo y operaciones para resolver dudas rápidamente, y utilizar herramientas básicas de monitoreo para la aplicación móvil."
Aplicación Móvil,Consultas o dudas de implementación,DevOps,Media,"Trabajar con equipos de DevOps para implementar soluciones, utilizar herramientas de monitoreo continuo y realizar ajustes proactivos para la aplicación móvil."
Aplicación Móvil,Consultas o dudas de implementación,DevOps,Alta,"Implementar prácticas avanzadas de DevOps, como el uso de contenedores y orquestadores, establecer pipelines de CI/CD completos y colaborar estrechamente con expertos en infraestructura y seguridad para la aplicación móvil."
Software/Backend de Escritorio,Fallo de Funcionalidad,Desarrollo Inicial,Baja,Implementar pruebas unitarias para validar las funciones principales y asegurar que las operaciones básicas funcionen correctamente mediante pruebas manuales iniciales para detectar errores tempranos.
Software/Backend de Escritorio,Fallo de Funcionalidad,Desarrollo Inicial,Media,"Desarrollar pruebas unitarias y de integración, además de realizar revisiones de código regulares y pruebas de usabilidad para garantizar que el software cumpla con los requisitos funcionales."
Software/Backend de Escritorio,Fallo de Funcionalidad,Desarrollo Inicial,Alta,"Incorporar pruebas unitarias, de integración y end-to-end, junto con pruebas de aceptación de usuario y revisiones de arquitectura para asegurar la funcionalidad completa del software."
Software/Backend de Escritorio,Fallo de Funcionalidad,Pruebas,Baja,Realizar pruebas de regresión y pruebas manuales para identificar y corregir errores en las funcionalidades básicas antes del lanzamiento del software.
Software/Backend de Escritorio,Fallo de Funcionalidad,Pruebas,Media,"Ejecutar pruebas de regresión automatizadas y manuales, priorizando la corrección de errores críticos y asegurando que todas las funcionalidades operen como se espera."
Software/Backend de Escritorio,Fallo de Funcionalidad,Pruebas,Alta,"Llevar a cabo pruebas de regresión extensivas, automatizar pruebas y utilizar entornos de pruebas aislados para validar la funcionalidad en múltiples escenarios."
Software/Backend de Escritorio,Fallo de Funcionalidad,Implementación,Baja,Monitorear la implementación inicial y recopilar feedback de los usuarios finales para detectar y resolver fallos de manera rápida y eficiente.
Software/Backend de Escritorio,Fallo de Funcionalidad,Implementación,Media,"Implementar monitoreo continuo y análisis de logs para identificar fallos, planificar despliegues incrementales y ajustar según el feedback recibido de los usuarios."
Software/Backend de Escritorio,Fallo de Funcionalidad,Implementación,Alta,"Desplegar en fases, utilizar monitoreo en tiempo real, sistemas de alerta y planes de contingencia para gestionar cualquier fallo durante la implementación."
Software/Backend de Escritorio,Fallo de Funcionalidad,DevOps,Baja,Automatizar pruebas básicas en el pipeline de CI/CD y realizar monitoreos post-implementación para asegurar la estabilidad continua del software de escritorio.
Software/Backend de Escritorio,Fallo de Funcionalidad,DevOps,Media,"Implementar pipelines de CI/CD con pruebas automatizadas y monitoreo continuo, asegurando que cualquier fallo sea detectado y corregido rápidamente."
Software/Backend de Escritorio,Fallo de Funcionalidad,DevOps,Alta,"Desarrollar pipelines de CI/CD robustos con múltiples etapas de pruebas automatizadas, monitoreo avanzado y alertas proactivas para mantener la calidad."
Software/Backend de Escritorio,Rendimiento Lento,Desarrollo Inicial,Baja,Optimizar el código y realizar pruebas de rendimiento básicas para detectar cuellos de botella y mejorar la eficiencia del software de escritorio.
Software/Backend de Escritorio,Rendimiento Lento,Desarrollo Inicial,Media,"Implementar optimizaciones de código y consultas a la base de datos, y realizar profiling del software para identificar áreas de mejora en el rendimiento."
Software/Backend de Escritorio,Rendimiento Lento,Desarrollo Inicial,Alta,"Optimizar la arquitectura del software, implementar técnicas de caching y realizar pruebas de estrés tempranas para asegurar la escalabilidad y rendimiento del sistema."
Software/Backend de Escritorio,Rendimiento Lento,Pruebas,Baja,Ejecutar pruebas de carga simples para identificar problemas de rendimiento en situaciones de baja concurrencia y ajustar configuraciones según sea necesario.
Software/Backend de Escritorio,Rendimiento Lento,Pruebas,Media,Realizar pruebas de carga y estrés para evaluar el rendimiento bajo alta demanda y ajustar configuraciones para mejorar la eficiencia del software de escritorio.
Software/Backend de Escritorio,Rendimiento Lento,Pruebas,Alta,"Ejecutar pruebas de rendimiento exhaustivas, incluyendo pruebas de volumen y de capacidad máxima, y optimizar el software en función de los resultados obtenidos."
Software/Backend de Escritorio,Rendimiento Lento,Implementación,Baja,Monitorear el rendimiento en producción y ajustar configuraciones de recursos según sea necesario para mantener la eficiencia operativa del software de escritorio.
Software/Backend de Escritorio,Rendimiento Lento,Implementación,Media,Implementar monitoreo en tiempo real y ajustar la infraestructura del software según las necesidades detectadas durante el uso en producción.
Software/Backend de Escritorio,Rendimiento Lento,Implementación,Alta,"Monitorear de cerca el rendimiento en producción, escalar recursos dinámicamente y ajustar configuraciones avanzadas de servidor y red para mantener la optimización."
Software/Backend de Escritorio,Rendimiento Lento,DevOps,Baja,"Implementar monitoreo básico de rendimiento y establecer alertas para problemas críticos, asegurando una respuesta rápida a cualquier incidencia en el software."
Software/Backend de Escritorio,Rendimiento Lento,DevOps,Media,Utilizar herramientas de monitoreo continuo y alertas proactivas para gestionar el rendimiento del software y realizar ajustes rápidos según sea necesario.
Software/Backend de Escritorio,Rendimiento Lento,DevOps,Alta,"Implementar monitoreo avanzado con dashboards personalizados y alertas proactivas, realizando ajustes automáticos basados en métricas detalladas para el software."
Software/Backend de Escritorio,Problemas de Seguridad,Desarrollo Inicial,Baja,"Aplicar prácticas de desarrollo seguro, realizar revisiones de código básicas y utilizar herramientas de análisis de vulnerabilidades para asegurar el software de escritorio."
Software/Backend de Escritorio,Problemas de Seguridad,Desarrollo Inicial,Media,"Incorporar herramientas de análisis estático y dinámico de seguridad, realizar revisiones de código periódicas y entrenar al equipo en mejores prácticas de seguridad."
Software/Backend de Escritorio,Problemas de Seguridad,Desarrollo Inicial,Alta,"Implementar un ciclo de vida de desarrollo seguro completo, incluyendo revisiones de código, análisis estático y dinámico, y pruebas de penetración exhaustivas para el software."
Software/Backend de Escritorio,Problemas de Seguridad,Pruebas,Baja,"Ejecutar pruebas de seguridad básicas, como análisis de vulnerabilidades y escaneos de seguridad, para identificar problemas comunes en el software de escritorio."
Software/Backend de Escritorio,Problemas de Seguridad,Pruebas,Media,"Realizar análisis de vulnerabilidades, pruebas de penetración y auditorías de seguridad periódicas para detectar y solucionar fallos críticos en el software."
Software/Backend de Escritorio,Problemas de Seguridad,Pruebas,Alta,"Ejecutar pruebas de seguridad avanzadas, incluyendo pruebas de penetración manuales y automatizadas, y auditorías de seguridad exhaustivas para asegurar la protección del software."
Software/Backend de Escritorio,Problemas de Seguridad,Implementación,Baja,"Asegurar el software de escritorio con controles básicos de seguridad, como autenticación y autorización, y realizar auditorías periódicas para mantener la seguridad."
Software/Backend de Escritorio,Problemas de Seguridad,Implementación,Media,"Implementar controles de seguridad avanzados, como cifrado de datos y detección de intrusiones, y realizar auditorías regulares para mantener la protección del software."
Software/Backend de Escritorio,Problemas de Seguridad,Implementación,Alta,"Desplegar medidas de seguridad avanzadas, como monitoreo continuo de seguridad y respuesta a incidentes en tiempo real, y realizar auditorías exhaustivas para el software de escritorio."
Software/Backend de Escritorio,Problemas de Seguridad,DevOps,Baja,Incorporar escaneos de seguridad básicos en el pipeline de CI/CD y realizar revisiones periódicas de seguridad para mantener la integridad del software de escritorio.
Software/Backend de Escritorio,Problemas de Seguridad,DevOps,Media,"Automatizar escaneos de seguridad, realizar revisiones manuales y establecer políticas de seguridad en el pipeline de CI/CD para detectar y corregir problemas rápidamente."
Software/Backend de Escritorio,Problemas de Seguridad,DevOps,Alta,"Implementar escaneos de seguridad avanzados, con revisiones manuales y automatizadas, y establecer un equipo de respuesta a incidentes para gestionar amenazas de seguridad en el software."
Software/Backend de Escritorio,Consultas o dudas de implementación,Desarrollo Inicial,Baja,"Consultar documentación oficial, guías de mejores prácticas y tutoriales para resolver dudas comunes y asegurar un desarrollo efectivo del software de escritorio."
Software/Backend de Escritorio,Consultas o dudas de implementación,Desarrollo Inicial,Media,"Buscar asesoría en foros especializados y comunidades de desarrollo, revisar estudios de caso y aplicar técnicas recomendadas para resolver problemas en el software."
Software/Backend de Escritorio,Consultas o dudas de implementación,Desarrollo Inicial,Alta,"Consultar con expertos en la materia, revisar documentación técnica avanzada y utilizar recursos de formación especializados para resolver dudas complejas en el software de escritorio."
Software/Backend de Escritorio,Consultas o dudas de implementación,Pruebas,Baja,"Solicitar feedback a desarrolladores y testers, revisar documentación y aplicar las mejores prácticas para resolver dudas técnicas durante la fase de pruebas del software."
Software/Backend de Escritorio,Consultas o dudas de implementación,Pruebas,Media,"Coordinar con el equipo de pruebas para aclarar dudas, obtener recomendaciones y realizar sesiones de revisión para asegurar la calidad del software de escritorio."
Software/Backend de Escritorio,Consultas o dudas de implementación,Pruebas,Alta,"Trabajar en estrecha colaboración con expertos en pruebas, participar en revisiones detalladas y utilizar herramientas avanzadas para resolver dudas complejas y garantizar la calidad del software."
Software/Backend de Escritorio,Consultas o dudas de implementación,Implementación,Baja,Buscar soporte de expertos y revisar foros de discusión para obtener soluciones rápidas a problemas comunes y asegurar una implementación exitosa del software de escritorio.
Software/Backend de Escritorio,Consultas o dudas de implementación,Implementación,Media,"Obtener asesoría de expertos, revisar estudios de caso, utilizar herramientas de monitoreo y análisis para identificar y solucionar problemas durante la implementación del software."
Software/Backend de Escritorio,Consultas o dudas de implementación,Implementación,Alta,"Colaborar con expertos en la materia, utilizar recursos avanzados de monitoreo y análisis, y preparar planes de contingencia para resolver problemas complejos durante la implementación."
Software/Backend de Escritorio,Consultas o dudas de implementación,DevOps,Baja,"Coordinar con equipos de desarrollo y operaciones para resolver dudas rápidamente, y utilizar herramientas básicas de monitoreo para el software de escritorio."
Software/Backend de Escritorio,Consultas o dudas de implementación,DevOps,Media,"Trabajar con equipos de DevOps para implementar soluciones, utilizar herramientas de monitoreo continuo y realizar ajustes proactivos para el software de escritorio."
Software/Backend de Escritorio,Consultas o dudas de implementación,DevOps,Alta,"Implementar prácticas avanzadas de DevOps, como el uso de contenedores y orquestadores, establecer pipelines de CI/CD completos y colaborar estrechamente con expertos en infraestructura y seguridad para el software de escritorio."
